#,Song,Artist,Popularity,BPM,Genres,Parent Genres,Album,Album Date,Time,Dance,Energy,Acoustic,Instrumental,Happy,Speech,Live,Loud,Key,Time Signature,Added At,Spotify Track Id,Album Label,Camelot,"Spotify Track Img","Song Preview"
1,"Love's a Stranger","Warhaus",59,162,"belgian indie, belgian rock","Rock","Warhaus",2017-10-13,03:26,56,59,20,0,62,0,10,-9,A Minor,4,2024-01-15,279LczresTWVkCsdLwgJSZ,"Play It Again Sam",8A,https://p.scdn.co/mp3-preview/daf2baf64479a83fcc933efe6e97fc4e35ce994c?cid=0dd13485836e45ac9134860ee53d835f,https://i.scdn.co/image/ab67616d00004851e7467c39c307d32c6c77754c
2,"A Prayer Of My Own","Nick Mulvey",49,98,"british singer-songwriter, cambridgeshire indie, indie folk","Folk/Acoustic, Rock","New Mythology",2022-06-10,04:33,71,37,64,33,35,0,10,-13,A#/B♭ Major,4,2024-01-15,79vS51eJbq9S7ssEj8pBbQ,"Fiction",6B,,https://i.scdn.co/image/ab67616d00004851eb660284ea520749e8cd6ab4
3,"Affection","Black Sea Dahu",40,126,"swiss indie, swiss indie folk, swiss singer-songwriter, zurich indie","Electronic, Folk/Acoustic, Rock","I Am My Mother",2022-02-25,05:14,45,24,76,5,14,0,10,-14,G#/A♭ Major,4,2024-01-15,7vW0yja9eawdmPTHQj6D7s,"Mouthwatering Records",4B,https://p.scdn.co/mp3-preview/fe3fe58b234d842fe2e0f52f9e5c30b58a1530bd?cid=0dd13485836e45ac9134860ee53d835f,https://i.scdn.co/image/ab67616d00004851552f600750165927012b4a82
4,"How You Swallowed your Anger","Black Sea Dahu",36,136,"swiss indie, swiss indie folk, swiss singer-songwriter, zurich indie","Electronic, Folk/Acoustic, Rock","How You Swallowed your Anger",2019-06-28,03:56,41,18,94,0,25,0,10,-14,D Major,4,2024-01-15,6vmbgm6ogRW7y502goY69c,"Black Sea Dahu",10B,https://p.scdn.co/mp3-preview/b17130869f8fcea1565cd57fbcfe3ba1deefc7e0?cid=0dd13485836e45ac9134860ee53d835f,https://i.scdn.co/image/ab67616d0000485108a2c6191773fab692b99d05
5,"Chalkboard","Jóhann Jóhannsson",69,93,"compositional ambient, experimental classical, icelandic classical, icelandic experimental, nordic soundtrack, soundtrack","Classical, Easy listening","The Theory of Everything (Original Motion Picture Soundtrack)",2014-11-04,01:05,43,11,89,77,8,0,0,-16,A Minor,4,2024-01-15,7bJ6xGa3RG2dQgNiK10uAv,"Back Lot Music",8A,https://p.scdn.co/mp3-preview/b4e00a9ca53e6cf575f0839677511218e13e0e55?cid=0dd13485836e45ac9134860ee53d835f,https://i.scdn.co/image/ab67616d0000485135f29c49f7e47f24df12eeb9
6,"Looked Up To You","Craig Wedren,Jefferson Friedman,Alex Shenkman",66,120,"american 21st century classical, ","Classical","New Amsterdam (Music From The Television Series)",2021-03-02,01:25,29,5,100,92,11,0,0,-27,E Minor,4,2024-01-15,5JSvMEfZI2cbtVXcSKFgse,"Back Lot Music",9A,https://p.scdn.co/mp3-preview/85c493773a10ee5f2dc94e358e0c96567b3f750f?cid=0dd13485836e45ac9134860ee53d835f,https://i.scdn.co/image/ab67616d00004851efa3aacbb5a9a003f0efc3a8
7,"Tema de Amor - De: " Romeo y Julieta "","Henry Salomon y su Orquesta",57,75,"romantico","Easy listening","La Música en el Cine, Vol.1 (Temas Románticos)",2013-03-11,02:08,12,26,66,89,21,0,30,-19,C Minor,3,2024-01-15,0WReEtAiqdsW9Qnja9ORmB,"Divucsa",5A,https://p.scdn.co/mp3-preview/f159a57bbdbc4cd8be30952afd7a72a6d866d0ee?cid=0dd13485836e45ac9134860ee53d835f,https://i.scdn.co/image/ab67616d00004851c97ea88f8f7cb07eb40774ed
8,"Thème de Nadia","Vladimir Cosma,Maurice Dalle",42,95,"french soundtrack, vintage french electronic, ","Easy listening, Electronic","Michel Strogoff (Bande originale de la série TV)",2014-12-31,02:43,20,20,87,12,10,0,10,-16,A Minor,4,2024-01-15,4ieQux3mh1Ey81l8frdDpi,"Larghetto",8A,https://p.scdn.co/mp3-preview/a534ceb68cd1aa5f2402726b94562b652cc7b992?cid=0dd13485836e45ac9134860ee53d835f,https://i.scdn.co/image/ab67616d000048513728050b66abaa3e0304d11e
9,"Love Hurts","Incubus",60,78,"alternative metal, alternative rock, funk metal, funk rock, nu metal, post-grunge, rock","Metal, Rock","Light Grenades",2006-11-28,03:57,47,81,1,0,41,0,10,-4,E Minor,4,2024-01-15,5JTgqOeHWg4bxMZYMRTE4H,"Epic/Immortal",9A,https://p.scdn.co/mp3-preview/1d35ba108d0847ec06ebe1975cfed8e16c4b53d2?cid=0dd13485836e45ac9134860ee53d835f,https://i.scdn.co/image/ab67616d0000485158f4ef37dc0cdb68f858808d
10,"Love Will Come Through","Travis",50,159,"britpop","Pop","12 Memories",2003-10-14,03:40,31,79,14,0,53,0,10,-7,B Minor,3,2024-01-15,2izfjg0fdiyy7DJvYwHwvL,"Craft Recordings",10A,,https://i.scdn.co/image/ab67616d000048518fde79f537c20f8f526a2d7e
11,"Hey That's Okay","Olmo,Mathilda",13,106,"","","Hiroshima Tarantula",2020-05-01,04:12,68,26,45,2,11,0,10,-13,C Major,3,2024-01-15,1LZW63cTm8MEBFlPoOdobn,"Fake People",8B,https://p.scdn.co/mp3-preview/ffce450a9a9aae6d4f435daaf812ceb89b0c2c49?cid=0dd13485836e45ac9134860ee53d835f,https://i.scdn.co/image/ab67616d000048512df72b06834ff473caa1f55b
12,"Someone New","Hozier",73,92,"irish singer-songwriter, modern rock, pov: indie","Folk/Acoustic, Rock, Pop","Hozier",2014-07-20,03:42,59,54,41,0,58,0,20,-6,G Major,4,2024-01-15,22sS7JkzeVeq4vOPCB6Fbj,"Universal-Island Records Ltd.",9B,,https://i.scdn.co/image/ab67616d000048517a9bf5f82e32d33d4503fe7b
13,"Almost (Sweet Music)","Hozier",73,90,"irish singer-songwriter, modern rock, pov: indie","Folk/Acoustic, Rock, Pop","Wasteland, Baby!",2019-03-01,03:37,52,69,2,0,71,10,20,-6,G Major,4,2024-01-15,7uttm8Iurm5uK67Vr9G2Sp,"Universal-Island Records Ltd.",9B,,https://i.scdn.co/image/ab67616d00004851299e8e9983e2b0455e5e8505
14,"Unknown / Nth","Hozier",68,136,"irish singer-songwriter, modern rock, pov: indie","Folk/Acoustic, Rock, Pop","Unreal Unearth",2023-08-18,04:40,47,18,76,0,21,0,0,-10,D Major,3,2024-01-15,05QGaQnoBuda27vXxpuiRU,"Universal-Island Records Ltd.",10B,,https://i.scdn.co/image/ab67616d000048514a60a2e02534ecabc839dbe9
15,"All Things End","Hozier",62,76,"irish singer-songwriter, modern rock, pov: indie","Folk/Acoustic, Rock, Pop","Unreal Unearth",2023-08-18,03:36,44,56,41,0,27,0,0,-7,A Minor,4,2024-01-15,6ntIhmLNCrx09gn9GhjZ5A,"Universal-Island Records Ltd.",8A,,https://i.scdn.co/image/ab67616d000048514a60a2e02534ecabc839dbe9
16,"Wavin' Flag","K'NAAN",61,76,"reggae fusion","Pop","Troubadour",2009-00-00,03:40,63,70,13,0,72,0,20,-6,C Major,4,2024-01-15,0zREtnLmVnt8KUJZZbSdla,"Interscope Records*",8B,,https://i.scdn.co/image/ab67616d00004851a3a8f20705f6f1d9adf84551
17,"My Type","Saint Motel",70,118,"la indie, modern alternative rock, modern rock, pov: indie","Pop, Rock","My Type",2014-06-17,03:26,60,90,6,0,58,0,0,-3,A#/B♭ Major,4,2024-01-15,2DFi8rwHcVkTTgu7PULhtI,"Parlophone UK",6B,https://p.scdn.co/mp3-preview/c2a53d509f5073ccdfaa8151964cc4fa97f50ad1?cid=0dd13485836e45ac9134860ee53d835f,https://i.scdn.co/image/ab67616d000048514c8d86fcf617d28a7c55818b
18,"Salvatore","Lana Del Rey",76,118,"art pop, pop","Pop","Honeymoon",2015-09-18,04:41,30,31,68,0,12,0,10,-10,B Minor,4,2024-01-15,21qg0IBZf8R12qHd9A3AA4,"Polydor Records",10A,,https://i.scdn.co/image/ab67616d00004851a3b3f48ca81acacb3ad4ec8a
19,"Eat Your Young","Hozier",73,90,"irish singer-songwriter, modern rock, pov: indie","Folk/Acoustic, Rock, Pop","Unreal Unearth",2023-08-18,04:03,55,61,43,11,32,0,20,-6,G Minor,4,2024-01-15,3hbKcj640iYmPQgecainOr,"Universal-Island Records Ltd.",6A,,https://i.scdn.co/image/ab67616d000048514a60a2e02534ecabc839dbe9
20,"Broken","Isak Danielson",72,142,"swedish singer-songwriter","Folk/Acoustic","Yours",2018-10-19,03:36,43,64,45,0,10,0,10,-7,F Minor,4,2024-01-15,0OW2r3EJzCg7K5Ml0AUVEo,"IOD Entertainment",4A,https://p.scdn.co/mp3-preview/804a985bcc1fdcea429981353195bf381da6bcfa?cid=0dd13485836e45ac9134860ee53d835f,https://i.scdn.co/image/ab67616d000048510cdf22fa789379f42803ea79
21,"Running Out of Time","The Strumbellas",36,81,"canadian indie, folk-pop, stomp and holler","Rock, Pop, Folk/Acoustic","Running Out of Time",2023-11-10,03:44,47,71,1,0,46,0,10,-6,C Major,4,2024-01-15,2v8T1IjMRhj4d6oHpqpI1O,"Glassnote Music LLC",8B,https://p.scdn.co/mp3-preview/5e6598a4a7e845f706b3b5a261a2c829a28e198c?cid=0dd13485836e45ac9134860ee53d835f,https://i.scdn.co/image/ab67616d00004851e71ffc6675eda98f2f2d798c
22,"Candles","Resa Saffa Park",40,184,"","","Spaces",2022-02-18,03:32,24,32,23,0,7,0,10,-9,E Minor,3,2024-01-15,0MhL6QodqjEjbsTeMcCFMc,"Propeller Recordings",9A,https://p.scdn.co/mp3-preview/3a8d90fc49a9429553dd242a2c2afdff9c9023f3?cid=0dd13485836e45ac9134860ee53d835f,https://i.scdn.co/image/ab67616d0000485177db5ca7cb9a7a0018389724
23,"Come Away","Sons Of The East",57,122,"australian indie folk, folk-pop","Folk/Acoustic, Pop","Sons Of The East",2013-08-02,04:20,67,59,21,0,23,0,10,-8,C Major,4,2024-01-15,1tpSOLApZSgDaFqYHIeQl9,"Sons Of The East Music",8B,https://p.scdn.co/mp3-preview/b199ed6568dcf3438419bed46355bb513758af0e?cid=0dd13485836e45ac9134860ee53d835f,https://i.scdn.co/image/ab67616d00004851b4d3b2740b535c9b56210df1
24,"Kimse Bilmez","Mehmet Güreli",63,118,"turkish jazz, turkish rock","Jazz, Rock","Zamboni Sokağı",2017-05-19,03:25,68,24,97,0,29,0,0,-12,A Minor,4,2024-01-15,6JLWscSAPrRHmZfHTWdC2u,"ADA MÜZİK",8A,https://p.scdn.co/mp3-preview/f069590dcdc4acb6cea5f7bddd02321c5d0e0ba7?cid=0dd13485836e45ac9134860ee53d835f,https://i.scdn.co/image/ab67616d000048510a3954f5712fa6bde742ff61
25,"Like Real People Do","Hozier",73,70,"irish singer-songwriter, modern rock, pov: indie","Folk/Acoustic, Rock, Pop","Hozier",2014-07-20,03:18,57,18,91,40,13,0,10,-14,G Major,3,2024-01-15,4LGJ2pLDvTRnul3EcZoYkX,"Universal-Island Records Ltd.",9B,,https://i.scdn.co/image/ab67616d000048517a9bf5f82e32d33d4503fe7b
26,"Cambaz","mor ve ötesi",67,154,"turkish alternative, turkish alternative rock, turkish rock","Pop, Rock","Dünya Yalan Söylüyor",2004-04-16,03:50,54,88,2,0,65,0,20,-2,A Major,4,2024-01-15,3ZkA3JnqluUWzwr64BBkl4,"RAKUN MÜZİK FİLM",11B,https://p.scdn.co/mp3-preview/ceaf95988b240089a1d593d98369c56e2e4a34fc?cid=0dd13485836e45ac9134860ee53d835f,https://i.scdn.co/image/ab67616d0000485161cd6f5ad7c69b76adbc5419
27,"Recomposed By Max Richter: Vivaldi, The Four Seasons: Summer 1 - 2012","Max Richter,Daniel Hope,Raphael Alpermann,Konzerthaus Kammerorchester Berlin,Andre de Ridder",48,126,"compositional ambient, post-minimalism, violin, chamber orchestra, classical performance","Classical","Recomposed By Max Richter: Vivaldi, The Four Seasons",2014-01-01,04:11,33,52,45,25,7,0,20,-13,G Minor,4,2024-01-15,6j8B9usR1XCCghJw2gspr8,"Deutsche Grammophon (DG)",6A,,https://i.scdn.co/image/ab67616d000048517ead2c02fb48674b6bac7cc4
28,"This I Love","Guns N' Roses",70,92,"glam metal, hard rock, rock","Metal, Rock","Chinese Democracy",2008-11-23,05:34,26,44,60,0,13,0,10,-8,G#/A♭ Minor,4,2024-01-15,2FEWcWHnDmGD6WSqpW4VYu,"Geffen",1A,,https://i.scdn.co/image/ab67616d00004851e29a351729da4d29214e54e2
29,"Still Loving You","Scorpions",75,104,"album rock, german hard rock, german metal, german rock, hard rock, rock","Rock, Metal","Comeblack",2011-11-07,06:43,28,61,0,0,8,0,10,-5,F#/G♭ Minor,4,2024-01-15,0RdUX4WE0fO30VnlUbDVL6,"Legacy Recordings",11A,https://p.scdn.co/mp3-preview/5d829ba6cb52bd503f451f21d19522494059768a?cid=0dd13485836e45ac9134860ee53d835f,https://i.scdn.co/image/ab67616d000048519f2023d391c3bd4acf4d51c6
30,"Outro","M83",72,109,"french shoegaze, french synthpop, indietronica, metropopolis, neo-synthpop","Metal, Pop, Electronic","Hurry up, We're Dreaming",2011-10-17,04:07,16,26,3,9,8,0,0,-11,D Major,4,2024-01-15,1s9i7W8zx7Nxx78MUIsvjV,"M83 Recording Inc",10B,https://p.scdn.co/mp3-preview/7216389187fb435c2f6776e9d7710804a6524687?cid=0dd13485836e45ac9134860ee53d835f,https://i.scdn.co/image/ab67616d00004851b3591763154a27326b3f431a
31,"Vedrai Vedrai / Oblivion (Live from Venice)","Jack Savoretti",25,123,"acoustic pop","Pop","Singing to Strangers",2019-03-15,06:31,25,30,73,0,14,0,90,-12,C Minor,4,2024-01-15,5GvKERTCQloh9thgcD3rWk,"BMG Rights Management (UK) Ltd.",5A,https://p.scdn.co/mp3-preview/bb5e50196e73b791928bd96f1e6b9586baa57ccd?cid=0dd13485836e45ac9134860ee53d835f,https://i.scdn.co/image/ab67616d00004851cfe64a5b103b23234e085c13
32,"Tief Im Wald","Kiki Rockwell",38,120,"","","Tief Im Wald",2023-10-10,03:38,67,28,47,21,32,0,10,-18,B Minor,4,2024-01-15,2JOieVIEDws6VOe5T0dGpu,"Universal Music New Zealand Limited",10A,,https://i.scdn.co/image/ab67616d00004851cba7cb6b524ad0fddc8fa520
33,"Mr. Doctor Man","Palaye Royale",62,168,"modern alternative rock, vegas indie","Rock","Boom Boom Room (Side A)",2016-06-24,04:04,38,94,0,0,53,0,10,-2,E Minor,4,2024-01-15,0vI2m662QiemSccfCoN9gR,"Sumerian Records",9A,,https://i.scdn.co/image/ab67616d00004851cfa2c1e4215f48005ac31fde
34,"I Left My Heart","Lucy Blue",43,149,"irish pop","Pop","I Left My Heart",2023-03-10,03:40,32,41,83,0,29,0,10,-9,G#/A♭ Major,3,2024-01-15,0k8ug01y2eIguMrdjG8vuS,"Promised Land",4B,https://p.scdn.co/mp3-preview/03c40b2de8ee04cc4a3861a7fd49b3f2d580ff3f?cid=0dd13485836e45ac9134860ee53d835f,https://i.scdn.co/image/ab67616d000048511f6da6446dac89aa0518ff9f
35,"Rebecca","Logan Bowden",34,102,"","","1",2019-04-18,04:58,70,18,87,72,32,0,10,-18,F#/G♭ Major,4,2024-01-15,1DUa42wEaPeVmnJ1IDRhai,"Norther Winslow Records",2B,https://p.scdn.co/mp3-preview/0f594db9249a03d1fa6c910ce5aa949f09c7a02f?cid=0dd13485836e45ac9134860ee53d835f,https://i.scdn.co/image/ab67616d000048515f51e99c3df7f19009f4f7df
36,"Heroin","Badflower",53,143,"modern alternative rock, post-grunge","Rock, Metal","OK, I'M SICK",2019-02-22,04:41,50,71,20,0,12,0,0,-6,B Major,4,2024-01-15,0leJYiYyZE6jjXCEVYUQAm,"Big Machine Records / John Varvatos Records",1B,,https://i.scdn.co/image/ab67616d000048511f879311e1aa1316242ee4c6
37,"The Mystic","Adam Jensen",66,125,"modern alternative rock, rebel blues","Rock, Blues","The Mystic",2016-11-04,03:09,56,72,36,0,41,0,10,-5,E Minor,4,2024-01-15,424GDxARRXRaZ7Mla9EDI2,"Nettwerk Music Group",9A,https://p.scdn.co/mp3-preview/3954f7c6b27e82be0730fcfbcd0c6f32f7e34998?cid=0dd13485836e45ac9134860ee53d835f,https://i.scdn.co/image/ab67616d00004851295c806b41548a698c088115
38,"Suite del recuerdo: Evocacion","Jose Luis Merlin,Jason Vieaux",45,114,"classical guitar, guitarra clasica","Classical","Guitar Recital: Jason Vieaux",1996-09-17,01:36,40,5,99,94,25,0,0,-28,E Minor,4,2024-01-15,2EPXa0OgkLRtYpcBbNrnJf,"Naxos",9A,https://p.scdn.co/mp3-preview/0623c86d4d2543cd17e1decaf6838766cc8a8a85?cid=0dd13485836e45ac9134860ee53d835f,https://i.scdn.co/image/ab67616d000048510b8debedd19b6041db90bfb9
39,"Hable con ella - From "Hable con ella"","Alberto Iglesias",32,107,"latin soundtrack","Easy listening","Archipiélago: A Film Music Retrospective",2016-10-07,05:19,49,23,81,83,31,0,10,-15,A Minor,3,2024-01-15,605IoEUjWcaWy0dhE7vf5I,"Quartet Records",8A,https://p.scdn.co/mp3-preview/003ae3115342647bfb1433c7c87f18dfe6553673?cid=0dd13485836e45ac9134860ee53d835f,https://i.scdn.co/image/ab67616d000048512861eb7628745cbf4f30902d
40,"Adelita","Francisco Tárrega,Miloš Karadaglić",44,80,"classical guitar, late romantic era, spanish classical","Classical","Mediterráneo",2011-01-01,01:48,39,2,99,95,19,0,0,-32,E Minor,1,2024-01-15,62Boz6NDFyOT3tKkSWis2E,"Deutsche Grammophon (DG)",9A,,https://i.scdn.co/image/ab67616d00004851798e05713f9bb9b50b346165
41,"Can’t Catch Me Now - from The Hunger Games: The Ballad of Songbirds & Snakes","Olivia Rodrigo",88,142,"pop","Pop","Can’t Catch Me Now (from The Hunger Games: The Ballad of Songbirds & Snakes)",2023-11-03,03:25,52,37,84,0,23,0,10,-8,B Minor,4,2024-01-15,56xHMIfQPoe0prrSi3BGhf,"Olivia Rodrigo",10A,,https://i.scdn.co/image/ab67616d0000485103048c76bec2bdfa92703a5a
42,"Je t'haine","Loïc Nottet",44,137,"","","Addictocrate",2023-05-26,02:20,65,47,32,0,28,0,10,-8,G Minor,4,2024-01-15,2BoS0PiCuRPHzbMa8Xh0ON,"RCA Group",6A,https://p.scdn.co/mp3-preview/2a27fc6a3dc6331158405bd6da31cbc690c064e8?cid=0dd13485836e45ac9134860ee53d835f,https://i.scdn.co/image/ab67616d000048516900a3a4616278ba37b4069d
43,".haunted.","Dead Poet Society",38,104,"boston indie, modern alternative rock","Rock","-!- (Deluxe)",2021-12-03,04:20,42,37,75,0,14,0,10,-9,C Minor,4,2024-01-15,5RgvKAhXvP4BtNkyJbyw4A,"Spinefarm",5A,https://p.scdn.co/mp3-preview/a618728c2627b4f1abfe4528efc9ba9f6afb7a16?cid=0dd13485836e45ac9134860ee53d835f,https://i.scdn.co/image/ab67616d00004851c38f0d9cbb43f048d8a6cc60
44,"I Get Off","Halestorm",62,170,"alternative metal, nu metal, post-grunge","Metal","Halestorm (Deluxe)",2009-02-25,03:03,46,89,1,0,65,10,0,-4,B Minor,4,2024-01-15,0JKY13K1Io2aqXJb96UyzX,"Atlantic Records",10A,https://p.scdn.co/mp3-preview/5381027f415949596af28020cfe0583fa9fbb1f2?cid=0dd13485836e45ac9134860ee53d835f,https://i.scdn.co/image/ab67616d000048512dcec3f47a055f91ed1969a5
45,"Ain’t So Easy","Sons Of The East",37,169,"australian indie folk, folk-pop","Folk/Acoustic, Pop","Palomar Parade - Deluxe Edition",2023-04-21,03:05,24,21,78,0,13,0,10,-13,D Major,3,2024-01-15,0ze5rRNTcENtHHRYImTfY7,"Sons Of The East Music",10B,https://p.scdn.co/mp3-preview/a4f3db060bc4a83cde3f2a17c2f3b3d5496d0e23?cid=0dd13485836e45ac9134860ee53d835f,https://i.scdn.co/image/ab67616d000048511a2e6b9a625fd31a4006f665
46,"Run to You - LoFi","Ocie Elliott,Nathan Kawanishi",57,161,"victoria bc indie, ","Rock","Run to You (LoFi)",2021-11-19,02:40,16,49,73,95,11,0,40,-9,F Major,3,2024-01-15,16RWNuLNRLhWX8ct5dIHOi,"Nettwerk Music Group",7B,https://p.scdn.co/mp3-preview/1289b085a3c4593368d15a4dbdaa2e1a4fa0934a?cid=0dd13485836e45ac9134860ee53d835f,https://i.scdn.co/image/ab67616d000048519005a05bffbf7a3e7e27e927
47,"War","Chance Peña",74,110,"singer-songwriter pop","Pop","War",2021-07-02,02:38,60,34,69,10,20,0,10,-11,G#/A♭ Major,4,2024-01-15,1MQLdI6RONvfjEz4K6ZRXp,"Chance Peña",4B,https://p.scdn.co/mp3-preview/7035daa36f2ad79f2ae86791e0bfe0a97a085ea2?cid=0dd13485836e45ac9134860ee53d835f,https://i.scdn.co/image/ab67616d000048510ff76cf874f6ba3ff4911230
48,"Interlude","Hollow Coves",72,100,"indie anthem-folk, indie folk, modern indie folk","Folk/Acoustic","Wanderlust",2017-03-17,01:00,58,8,99,93,59,0,10,-21,G Major,4,2024-01-15,4cJsJdwEp3y4K1slV5fRZm,"Nettwerk Music Group",9B,https://p.scdn.co/mp3-preview/4a43b02895ec5605bc3a50983ad893935d7082b5?cid=0dd13485836e45ac9134860ee53d835f,https://i.scdn.co/image/ab67616d00004851d221fb290f0b270956c975c1
49,"Tidal Wave - Acoustic","Old Sea Brigade",67,107,"indie anthem-folk, indie folk, modern indie folk, pop folk","Folk/Acoustic","Cover My Own (Acoustic)",2018-04-20,02:35,65,29,94,0,34,0,10,-16,C♯/D♭ Minor,4,2024-01-15,4I7nXv6iqKh60sWMJdpUbN,"Nettwerk Music Group",12A,https://p.scdn.co/mp3-preview/554f372205af6554ac0399d275294b2f94809fd0?cid=0dd13485836e45ac9134860ee53d835f,https://i.scdn.co/image/ab67616d00004851b65223e7ebca4ebb3a21d7ac
50,"Villain","MISSIO",48,97,"modern alternative rock, modern rock","Rock","VILLAIN",2022-09-23,03:13,30,46,24,1,9,0,0,-8,A Minor,4,2024-01-15,5googFqOqpopYdcvV22T3t,"Nettwerk Music Group",8A,https://p.scdn.co/mp3-preview/f28943bdb580aeaf40f15d8f1f4dfae38280de35?cid=0dd13485836e45ac9134860ee53d835f,https://i.scdn.co/image/ab67616d0000485125cab2a2bf7969275bb6551c
51,"Fever Dream","Palaye Royale",46,127,"modern alternative rock, vegas indie","Rock","Fever Dream",2022-10-28,05:06,33,89,0,0,19,0,30,-5,C♯/D♭ Minor,4,2024-01-15,1e1eW2FUAIdFrtXgy6vJ4E,"Sumerian Records",12A,,https://i.scdn.co/image/ab67616d00004851ba4846438180facd6b6935a8
52,"Lonely","Palaye Royale",69,148,"modern alternative rock, vegas indie","Rock","The Bastards",2020-05-29,03:06,62,62,6,0,48,0,0,-6,D Minor,4,2024-01-15,4jXbcY2ulVT7MOPdN8nR50,"Sumerian Records",7A,,https://i.scdn.co/image/ab67616d0000485169ec580ab2b0047ca579c766
53,"Flower Maiden (Guda Folk Choir)","Dzivia",41,110,"slavic folk metal","Metal","Flower Maiden (Guda Folk Choir)",2021-08-01,09:05,20,54,71,31,4,0,0,-9,F#/G♭ Minor,4,2024-01-15,6j1w9nqcLQSdUUWg70aFSi,"Dzivia",11A,https://p.scdn.co/mp3-preview/c37df92ae9b72cce275b278a210556168b36d687?cid=0dd13485836e45ac9134860ee53d835f,https://i.scdn.co/image/ab67616d00004851b2d59365b58566bd26f4ba66
54,"Stop Crying Your Heart Out","Oasis",75,75,"beatlesque, britpop, madchester, permanent wave, rock","Folk/Acoustic, Pop, Rock","Heathen Chemistry",2002-02-03,05:03,38,57,8,0,9,0,0,-5,D Major,4,2024-01-15,5YciOakY5dB5dULkiLdCaf,"Big Brother",10B,https://p.scdn.co/mp3-preview/1ce09f02790a99323903a72c0c87bfc0bc76d430?cid=0dd13485836e45ac9134860ee53d835f,https://i.scdn.co/image/ab67616d00004851f687135853a4488b2178d0bf
55,"You'll Be Fine","Palaye Royale",53,125,"modern alternative rock, vegas indie","Rock","Boom Boom Room (Side B)",2018-09-28,03:33,27,93,1,0,45,20,20,-5,C♯/D♭ Major,4,2024-01-15,2oqEr1DHeyWIYTKBJej7WP,"Sumerian Records",3B,,https://i.scdn.co/image/ab67616d0000485192013751c7598796f78aa060
56,"Tears Into Wine","Billy Talent",49,159,"canadian punk","Rock","Billy Talent III",2009-06-30,04:12,45,94,0,0,36,0,10,-5,C♯/D♭ Major,4,2024-01-15,2tK9MmiDCIeD8hhjj9QvLq,"Warner Music Canada",3B,https://p.scdn.co/mp3-preview/bbd1e4f960490adf48814aaa4a2bc6e2e087c4b9?cid=0dd13485836e45ac9134860ee53d835f,https://i.scdn.co/image/ab67616d000048517fd1237085e6617487d43c3f
57,"Stubborn Love","The Lumineers",71,115,"folk-pop, modern rock, neo mellow, stomp and holler","Pop, Rock, Folk/Acoustic","The Lumineers (Deluxe Edition)",2012-00-00,04:39,60,54,60,2,26,0,20,-12,C Major,4,2024-01-15,7x46YkKAwp3yZpaa72n5Mu,"Decca (UMO)",8B,,https://i.scdn.co/image/ab67616d0000485115784f5212050cf2e67f1935
58,"A Time for us - From "Romeo and Juliet"","La Brea String Section",39,77,"calming instrumental","New age","Chi Mai",2017-12-13,03:35,7,24,85,76,8,0,0,-14,A#/B♭ Minor,4,2024-01-15,6ptRBpwCgFApJ4wUl7FJm3,"La Brea Records",3A,https://p.scdn.co/mp3-preview/97f871ee95433b454df824b6f9158d9ff10061e1?cid=0dd13485836e45ac9134860ee53d835f,https://i.scdn.co/image/ab67616d00004851dc0b8a3575eb8e0c365dd701
59,"Camping","Jóhann Jóhannsson",68,129,"compositional ambient, experimental classical, icelandic classical, icelandic experimental, nordic soundtrack, soundtrack","Classical, Easy listening","The Theory of Everything (Original Motion Picture Soundtrack)",2014-11-04,01:18,37,11,86,93,15,0,10,-20,A Minor,3,2024-01-15,5KNZME6ZAXNA4Ce6iOedU5,"Back Lot Music",8A,https://p.scdn.co/mp3-preview/dbfd53247b42a04c305bab2a19af46a6777d654e?cid=0dd13485836e45ac9134860ee53d835f,https://i.scdn.co/image/ab67616d0000485135f29c49f7e47f24df12eeb9
60,"Prelude In C Minor, BWV 999 : Prelude In C Minor, BWV 999","Janos Sebestyen,Johann Sebastian Bach",67,120,"harpsichord, baroque, classical, early music, german baroque","Classical","J. S. Bach: Italian Concerto / Chromatic Fantasia And Fugue / 12 Little Preludes",1993-02-10,01:08,34,15,99,77,79,0,10,-27,G Minor,3,2024-01-15,7dtoSOz1CtVOJB6I5iPDxi,"Naxos",6A,https://p.scdn.co/mp3-preview/93b625ed9af31b2fbdefac453b163a4891ee4147?cid=0dd13485836e45ac9134860ee53d835f,https://i.scdn.co/image/ab67616d0000485112a821c351fd7c5d66b93a9f
61,"At Wit's End","Hans Zimmer",49,80,"german soundtrack, orchestral soundtrack, soundtrack","Easy listening, Classical","Pirates Of The Caribbean: At World's End Original Soundtrack",2007-01-01,08:05,7,17,59,89,4,0,10,-19,D Minor,4,2024-01-15,4aaJhwVcYWgHz05xFXRug4,"Walt Disney Records",7A,,https://i.scdn.co/image/ab67616d0000485168ad98a01e059cc6b7963ab3
62,"You're Gloating","Carlos Rafael Rivera",65,134,"old west, soundtrack","Easy listening","The Queen's Gambit (Music from the Netflix Limited Series)",2020-10-23,01:06,27,10,99,91,14,0,0,-28,F Minor,3,2024-01-15,6DiFE5a3ApjWhMGhMmKO9r,"Netflix Music",4A,https://p.scdn.co/mp3-preview/906542075eb99194b848d0a680bd53c665dee85b?cid=0dd13485836e45ac9134860ee53d835f,https://i.scdn.co/image/ab67616d000048515c31c2a42a670aef0c883c43
63,"The Legend Begins","Marc Streitenfeld",64,67,"german soundtrack, orchestral soundtrack, soundtrack","Easy listening, Classical","Robin Hood (Original Motion Picture Soundtrack)",2010-05-11,01:27,24,23,97,97,3,0,20,-18,F Major,3,2024-01-15,2qomKwhtqtbQWk7dwAmFXg,"Back Lot Music",7B,https://p.scdn.co/mp3-preview/ad6e697f3ac73b3c535a536d6c698a72eeeb8491?cid=0dd13485836e45ac9134860ee53d835f,https://i.scdn.co/image/ab67616d000048517210f2cbed2cda7c394f38e1
64,"Christ lag in Todesbanden, BWV 4: I. Sinfonia","Johann Sebastian Bach,Gewandhausorchester,New Bach Collegium Musicum Leipzig,Hans-Joachim Rotzsch,Ludwig Güttler,Gerhard Essbach,Karl Semsch,Rolf Bachmann,Walter Heinz Bernstein,Burkhard Schmidt,Achim Beyer,Gerd Schulze",46,87,"baroque, classical, early music, german baroque, classical performance, german orchestra, orchestra, chamber orchestra, classical trumpet, historically informed performance, ","Classical","Bach: Easter Cantatas BWV 4, 31, 66, 134",1977-00-00,01:09,19,13,95,93,4,0,10,-22,E Minor,4,2024-01-15,3OszOqDGbmhGIJar7CCw0B,"Berlin Classics",9A,https://p.scdn.co/mp3-preview/d848b0e08385e56dab31ab2698f877fdbbee107d?cid=0dd13485836e45ac9134860ee53d835f,https://i.scdn.co/image/ab67616d00004851ce237238727bcd5520af579d
65,"I Never Loved Myself Like I Loved You","Dead Poet Society",50,112,"boston indie, modern alternative rock","Rock","-!- (Deluxe)",2021-12-03,04:21,53,97,0,9,16,0,30,-6,A Minor,4,2024-01-15,0wHkXSQBKPm0UxvdMffcJh,"Spinefarm",8A,https://p.scdn.co/mp3-preview/0027e384a983b810e7ff6197485c315ef2ab9199?cid=0dd13485836e45ac9134860ee53d835f,https://i.scdn.co/image/ab67616d00004851c38f0d9cbb43f048d8a6cc60
66,"Absinthe","I DONT KNOW HOW BUT THEY FOUND ME",62,124,"alt z, pov: indie","Pop","1981 Extended Play",2018-11-09,03:03,61,85,1,0,52,0,30,-5,A Minor,3,2024-01-15,4hs2FbesB8qo6H5Berbikd,"Fearless Records",8A,,https://i.scdn.co/image/ab67616d00004851d6dfb454b77efaccc1371d14
67,"Black Friday","Tom Odell",84,165,"chill pop","Pop","Black Friday",2023-09-22,03:41,48,20,93,6,20,0,10,-12,F#/G♭ Major,4,2024-01-15,1XTY6rA7XQosc0ynkkE9kN,"UROK",2B,https://p.scdn.co/mp3-preview/2bd69b841f7c185811677924a36b89aa646c110b?cid=0dd13485836e45ac9134860ee53d835f,https://i.scdn.co/image/ab67616d00004851530fa3c87225dc153c064691
68,"Hold On","Chord Overstreet",82,120,"acoustic pop","Pop","Hold On",2017-02-03,03:18,62,44,47,0,17,0,0,-10,D Major,4,2024-01-15,5vjLSffimiIP26QG5WcN2K,"Safehouse Records / Island Records",10B,,https://i.scdn.co/image/ab67616d00004851c60473419a4ce96822541181
69,"You Said You'd Grow Old With Me","Michael Schulte",63,114,"german pop, talentschau","Pop","Wide Awake",2012-09-28,03:44,53,35,91,0,29,0,0,-7,C Major,4,2024-01-15,41WTP0gosjYD74B06uS2tL,"VERY US RECORDS",8B,https://p.scdn.co/mp3-preview/b5fa9812cae8796757115b39dc7d4282ae96a088?cid=0dd13485836e45ac9134860ee53d835f,https://i.scdn.co/image/ab67616d00004851b7befcc34f9c31f352ab4e6f
70,"Someone","Michael Schulte",42,120,"german pop, talentschau","Pop","Highs & Lows",2019-10-25,03:37,67,53,69,0,31,0,10,-4,A#/B♭ Major,4,2024-01-15,5BvgXGcLKnMGtf3irvFA8b,"VERY US RECORDS",6B,https://p.scdn.co/mp3-preview/b07b53d5048c7c316c5f9d5289035830013874f1?cid=0dd13485836e45ac9134860ee53d835f,https://i.scdn.co/image/ab67616d000048510c1bb4ecd373ce4ee6590c0f
71,"With Me","Sum 41",64,175,"alternative metal, canadian pop punk, canadian punk, modern rock, pop punk, post-grunge, punk, rock","Metal, Pop, Rock","Underclass Hero",2007-01-01,04:51,17,85,1,0,11,0,10,-4,E Major,3,2024-01-15,1OTvWduKQV0MQd2gnGM9He,"Island Records",12B,,https://i.scdn.co/image/ab67616d000048511c5301bdbae7e2b35fe8024f
72,"Redeemer","Palaye Royale",45,84,"modern alternative rock, vegas indie","Rock","The Bastards",2020-05-29,03:20,25,34,68,0,11,0,10,-10,D Minor,5,2024-01-15,5mFxUDOREk4UCPQqUAPbfy,"Sumerian Records",7A,,https://i.scdn.co/image/ab67616d0000485169ec580ab2b0047ca579c766
73,"Muddy Waters","LP",52,125,"la pop, women's music","Pop, Folk/Acoustic","Lost On You",2016-12-09,03:47,57,47,39,0,25,0,30,-8,G#/A♭ Minor,4,2024-01-15,6pWiTLDsl5dBEMrzUFMrIe,"BMG Rights Management (US) LLC",1A,https://p.scdn.co/mp3-preview/c98934066eeaf15c60c1295994615ab1ac6c3ff2?cid=0dd13485836e45ac9134860ee53d835f,https://i.scdn.co/image/ab67616d00004851af9276f7c7faec1beee16dc8
74,"Facing the Past","Anne Sophie Versnaeyen,Gabriel Saban",48,80,"epicore","Classical","Soul Stories 2 (Emotional Orchestral Drama Tracks)",2019-12-16,02:39,41,52,36,40,9,0,0,-10,C Minor,4,2024-01-15,6dBc15iKEhTBqbmFHZD4uM,"Cezame Trailers",5A,https://p.scdn.co/mp3-preview/e84e71ae09a91dc3025d8b18f5ffce76ca50aaff?cid=0dd13485836e45ac9134860ee53d835f,https://i.scdn.co/image/ab67616d00004851097dd649e2863ef9c1b0656e
75,"Sevmekten Usanmam","Pinhani",62,79,"oyun havasi, turkish pop, turkish rock","Pop, Rock","Zaman Beklemez",2008-04-18,03:52,33,59,69,0,27,0,30,-7,C Major,4,2024-01-15,4xKYhrGZbsvhTJROWc8Aye,"BEĞENİ MÜZİK YAPIM",8B,https://p.scdn.co/mp3-preview/58883a24926d6681bbe782ec8672f8e4023457eb?cid=0dd13485836e45ac9134860ee53d835f,https://i.scdn.co/image/ab67616d000048515535b37249d4346ef1f80113
76,"Side by Side","Layup",41,101,"","","Layup - EP",2017-03-17,03:48,53,67,59,81,25,0,0,-8,D Major,4,2024-01-15,6xjsrtaAdf7CrZ4u3IaZ18,"Blackwatch Records",10B,https://p.scdn.co/mp3-preview/2831204047d90db6043b6359f0f78930b6d9fc6e?cid=0dd13485836e45ac9134860ee53d835f,https://i.scdn.co/image/ab67616d00004851db0d16447a740b5acba8c65f
77,"Let's Hurt Tonight","OneRepublic",61,62,"piano rock, pop","Rock, Pop","Oh My My",2016-12-02,03:14,36,71,33,0,27,0,30,-5,F Major,4,2024-01-15,05sCp83gcMm1iecYydKJS3,"Mosley / Interscope",7B,,https://i.scdn.co/image/ab67616d00004851eedabed826eeb6506a4c700d
78,"All I Want","Kodaline",83,187,"irish pop, modern rock","Pop, Rock","In A Perfect World (Expanded Edition)",2013-06-17,05:05,19,41,17,15,16,0,0,-10,C Major,3,2024-01-15,0NlGoUyOJSuSHmngoibVAs,"B-Unique/RCA",8B,https://p.scdn.co/mp3-preview/2dd1a3919a2ff553b9a5c5a1f5fc96f12ea8f1e2?cid=0dd13485836e45ac9134860ee53d835f,https://i.scdn.co/image/ab67616d000048513e42854096da9a3b1ca901c9
79,"Ragged Wood","Fleet Foxes",58,105,"chamber pop, folk, indie folk, indie rock, indietronica, modern rock, seattle indie, singer-songwriter, stomp and holler","Pop, Folk/Acoustic, Rock","Fleet Foxes",2008-06-03,05:07,36,66,11,1,16,0,0,-7,E Major,4,2024-01-15,2qvToeBdYliw6n0nEsKJQa,"Sub Pop Records",12B,https://p.scdn.co/mp3-preview/2ccec5308f6adf9d6cbeee4bc52e3991eca3d016?cid=0dd13485836e45ac9134860ee53d835f,https://i.scdn.co/image/ab67616d000048513818b4c636e2a7fdea3bf965
80,"Settle Down - Acoustic","Woodlock",62,138,"australian indie folk, indie anthem-folk, modern indie folk","Folk/Acoustic","Settle Down (Acoustic)",2021-07-16,02:45,61,76,25,0,70,0,10,-7,C Major,4,2024-01-15,5TSt0yJteAUApb7X3u5PJl,"Nettwerk Music Group",8B,https://p.scdn.co/mp3-preview/b28e850da441d3c46ae3173dbca68554d9e0135b?cid=0dd13485836e45ac9134860ee53d835f,https://i.scdn.co/image/ab67616d000048511d6b5d6f34a1e3baf56f44c6
81,"My Comfort Zone","Luke Morris",48,98,"australian singer-songwriter","Folk/Acoustic","I Remember It Then I Remember It Now",2021-01-07,05:21,68,42,72,1,37,0,30,-9,E Minor,3,2024-01-15,3jeZHRBSSPAOFDqmAG09hT,"Luke Morris",9A,https://p.scdn.co/mp3-preview/ed51bd6631c55beb905b685430a7c60481d44c7b?cid=0dd13485836e45ac9134860ee53d835f,https://i.scdn.co/image/ab67616d0000485179321f2656038833532f2b87
82,"Sweet Hallelujah","Tom Grennan",33,123,"uk pop","Pop","Lighting Matches (Deluxe)",2018-07-06,03:47,47,39,25,0,15,0,10,-8,B Minor,4,2024-01-15,4msuenfPTuk9AcZ8qMQ2v6,"Insanity Records",10A,https://p.scdn.co/mp3-preview/f36f6498ac37d7206b31aad13e04a6121b47a803?cid=0dd13485836e45ac9134860ee53d835f,https://i.scdn.co/image/ab67616d00004851d8987d39cc611f9d85aa2dd5
83,"Route 66","Chuck Berry",61,79,"blues, blues rock, classic rock, rock, rock-and-roll, rockabilly, soul","Blues, Rock, R&B","New Juke Box Hits",1961-01-01,02:51,69,69,90,0,96,0,10,-10,A#/B♭ Major,4,2024-01-15,6TXnGAr6DLVYshIrMeP0lZ,"Geffen",6B,,https://i.scdn.co/image/ab67616d000048519a8c09ffa36c708ce937f75a
84,"Goodbye Yellow Brick Road - Remastered 2014","Elton John",81,121,"glam rock, mellow gold, piano rock, rock","Rock","Goodbye Yellow Brick Road (Remastered)",1973-10-05,03:12,56,47,45,0,40,0,10,-8,F Major,4,2024-01-15,4IRHwIZHzlHT1FQpRa5RdE,"UMC (Universal Music Catalogue)",7B,,https://i.scdn.co/image/ab67616d00004851f72f1e38e9bd48f18a17ed9b
85,"Ethereal","Txmy",72,143,"","","Ethereal",2023-10-22,02:48,22,40,91,62,29,0,30,-13,F#/G♭ Major,3,2024-01-15,7iq0IYOnYZUHrz7F4rIIq4,"The System",2B,https://p.scdn.co/mp3-preview/f6dbf5284babbd46734e7f4a194e344e8f516abf?cid=0dd13485836e45ac9134860ee53d835f,https://i.scdn.co/image/ab67616d00004851c2c77c7f1f9cb43ce1307faa
86,"Rivers and Roads","The Head And The Heart",61,134,"folk-pop, seattle indie, stomp and holler","Pop, Rock, Folk/Acoustic","The Head And The Heart",2011-01-11,04:44,50,20,70,0,15,0,0,-9,C Major,3,2024-01-15,7mibgLUsXcRSvkiuuNhWdh,"The Head And The Heart",8B,https://p.scdn.co/mp3-preview/f622261e1f7b9f759fe6e60be85d59ea55295377?cid=0dd13485836e45ac9134860ee53d835f,https://i.scdn.co/image/ab67616d00004851234b3ed475d35d39f3845888
87,"Island In The Sun","Weezer",82,115,"alternative rock, modern power pop, modern rock, permanent wave, rock","Rock, Pop","Weezer",2001-05-15,03:20,65,81,1,0,66,0,10,-6,E Minor,4,2024-01-15,2MLHyLy5z5l5YRp7momlgw,"Geffen",9A,,https://i.scdn.co/image/ab67616d000048511e0dc5baaabda304b0ad1815
88,"Solo","Myles Smith",80,123,"singer-songwriter pop","Pop","Solo",2023-11-15,03:19,43,46,70,0,35,0,10,-7,C Major,4,2024-01-15,2jm0UrP5A9ccJ3twMI8cVq,"Independent",8B,https://p.scdn.co/mp3-preview/93f66d47efa7e3648653f5340f9c31498f6c4cb3?cid=0dd13485836e45ac9134860ee53d835f,https://i.scdn.co/image/ab67616d000048517042fc2dd06de5b8698ce85e
89,"Silver Springs - 2004 Remaster","Fleetwood Mac",73,179,"album rock, classic rock, rock, soft rock, yacht rock","Rock","Rumours (Super Deluxe)",1977-02-04,04:48,35,58,1,5,43,0,20,-8,C Major,4,2024-01-15,4nZi6XNe36Ut4Nij3IQ1yC,"Rhino/Warner Records",8B,https://p.scdn.co/mp3-preview/de3f9e613b6e4b98ebbdcda57fab4d5e3d80500e?cid=0dd13485836e45ac9134860ee53d835f,https://i.scdn.co/image/ab67616d00004851e52a59a28efa4773dd2bfe1b
90,"Animals","Architects",70,95,"mathcore, melodic metalcore, metalcore, progressive metalcore, uk metalcore","Rock, Metal","For Those That Wish To Exist",2021-02-26,04:04,53,76,0,2,29,0,0,-4,C♯/D♭ Minor,4,2024-01-15,5ofoB8PFmocBXFBEWVb6Vz,"Epitaph",12A,https://p.scdn.co/mp3-preview/9b4a783334d4c4f686a1273d883c9f83cfa4f2d0?cid=0dd13485836e45ac9134860ee53d835f,https://i.scdn.co/image/ab67616d00004851c78b2edbc9407cea20ccfb9f
91,"Dead Butterflies","Architects",56,125,"mathcore, melodic metalcore, metalcore, progressive metalcore, uk metalcore","Rock, Metal","For Those That Wish To Exist",2021-02-26,04:02,43,86,0,0,43,0,0,-5,D#/E♭ Minor,4,2024-01-15,2XdcUAsMCuNMaWLmXIhdjW,"Epitaph",2A,https://p.scdn.co/mp3-preview/569af6dfac35bc1ed04a26e6183278661d90cd09?cid=0dd13485836e45ac9134860ee53d835f,https://i.scdn.co/image/ab67616d00004851c78b2edbc9407cea20ccfb9f
92,"One More Light","Linkin Park",76,84,"alternative metal, nu metal, post-grunge, rap metal, rock","Metal, Rock","One More Light",2017-05-19,04:15,59,20,90,0,17,0,0,-11,G#/A♭ Major,4,2024-01-15,3xXBsjrbG1xQIm1xv1cKOt,"Warner Records",4B,https://p.scdn.co/mp3-preview/44482a2b0b1bacd5d5e3b3c28e29974812b1351f?cid=0dd13485836e45ac9134860ee53d835f,https://i.scdn.co/image/ab67616d00004851145e1cf12538f5666511237d
93,"My Home Is You","The Strumbellas",23,124,"canadian indie, folk-pop, stomp and holler","Rock, Pop, Folk/Acoustic","Holster",2024-01-12,03:23,63,73,26,0,50,0,10,-7,G Major,4,2024-01-15,1DZwBfdu5E1khGJl6bG3fv,"Glassnote Music LLC",9B,https://p.scdn.co/mp3-preview/2320935219461f3e2ba8b6229cc662fac09e36c2?cid=0dd13485836e45ac9134860ee53d835f,https://i.scdn.co/image/ab67616d000048519fe6fa107cbbd571cdf411b6
94,"The Kill","Thirty Seconds To Mars",82,183,"modern rock, post-grunge","Rock, Metal","A Beautiful Lie",2005-01-01,03:51,18,91,0,0,29,0,50,-4,E Minor,3,2024-01-15,0lP4HYLmvowOKdsQ7CVkuq,"Virgin Records",9A,,https://i.scdn.co/image/ab67616d00004851865b538169f199dac610b854
95,"Numb","Linkin Park",88,110,"alternative metal, nu metal, post-grunge, rap metal, rock","Metal, Rock","Meteora",2003-09-16,03:05,50,86,0,0,24,0,60,-4,A Major,4,2024-01-15,2nLtzopw4rPReszdYBJU6h,"Warner Records",11B,https://p.scdn.co/mp3-preview/15e1178c9eb7f626ac1112ad8f56eccbec2cd6e5?cid=0dd13485836e45ac9134860ee53d835f,https://i.scdn.co/image/ab67616d00004851b4ad7ebaf4575f120eb3f193
96,"On the Nature of Daylight","Max Richter,Louisa Fuller,Natalia Bonner,John Metcalfe,Philip Sheppard,Chris Worsey",69,65,"compositional ambient, post-minimalism, neo-classical, british soundtrack, modern cello","Easy listening, Classical, New age","The Blue Notebooks (15 Years)",2018-05-11,06:11,7,34,15,85,3,0,10,-13,A#/B♭ Minor,4,2024-01-15,56oReVXIfUO9xkX7pHmEU0,"Deutsche Grammophon (DG)",3A,,https://i.scdn.co/image/ab67616d00004851e2821b1458ab996fdf2c47ad
97,"Viva La Vida","Coldplay",89,138,"permanent wave, pop","Rock, Pop","Viva La Vida or Death and All His Friends",2008-05-26,04:02,49,62,10,0,42,0,10,-7,F Minor,4,2024-01-15,1mea3bSkSGXuIRvnydlB5b,"Parlophone UK",4A,https://p.scdn.co/mp3-preview/fb9f4a9b0887326776b4fb7c6d331acd167a7778?cid=0dd13485836e45ac9134860ee53d835f,https://i.scdn.co/image/ab67616d00004851e21cc1db05580b6f2d2a3b6e
98,"Dream On","Aerosmith",85,78,"album rock, classic rock, hard rock, rock","Rock","Aerosmith",1973-01-05,04:27,39,48,40,0,23,0,30,-8,C♯/D♭ Major,4,2024-01-15,1xsYj84j7hUDDnTTerGWlH,"Aerosmith P&D - Sony",3B,,https://i.scdn.co/image/ab67616d00004851bbf0146981704a073405b6c2
99,"Spirits","The Strumbellas",73,81,"canadian indie, folk-pop, stomp and holler","Rock, Pop, Folk/Acoustic","Hope",2016-04-22,03:23,56,66,17,0,79,0,10,-6,C Major,4,2024-01-15,1VyiUi0mRnSKgtHa5dBoUd,"Glassnote Entertainment Group LLC",8B,https://p.scdn.co/mp3-preview/25f18f3cdb4d0af0e09865ebb9e8ae8bc1af27e4?cid=0dd13485836e45ac9134860ee53d835f,https://i.scdn.co/image/ab67616d00004851ad4ffe5582ca7665fb08a0fa
100,"Saturn","Sleeping At Last",70,73,"ambient worship, chamber pop","New age, Pop","Atlas: I",2014-07-08,04:49,26,24,64,31,5,0,10,-14,D#/E♭ Major,4,2024-01-15,3tJjZMHLqhD8DaGgdBICnc,"Asteroid B-612",5B,https://p.scdn.co/mp3-preview/009b0e7021bdbc68457e6ec3bae032fbc33fb6ff?cid=0dd13485836e45ac9134860ee53d835f,https://i.scdn.co/image/ab67616d00004851c761387d83c7c615da7008a8
101,"Oblivion","Palaye Royale",46,75,"modern alternative rock, vegas indie","Rock","Fever Dream",2022-10-28,05:16,38,48,12,0,11,0,30,-7,C Major,4,2024-01-15,45PSzxeTQD0X1OZEypGSgH,"Sumerian Records",8B,,https://i.scdn.co/image/ab67616d00004851ba4846438180facd6b6935a8
102,"What I've Done","Linkin Park",84,120,"alternative metal, nu metal, post-grunge, rap metal, rock","Metal, Rock","Minutes to Midnight",2007-05-14,03:25,62,93,1,0,29,0,10,-5,F Major,4,2024-01-15,18lR4BzEs7e3qzc0KVkTpU,"Warner Records",7B,https://p.scdn.co/mp3-preview/bb5a97b64d61c8920674717ca753752eee008b95?cid=0dd13485836e45ac9134860ee53d835f,https://i.scdn.co/image/ab67616d000048516e996745f2c7b8036abef213
103,"I Love You","Woodkid",56,146,"chamber pop","Pop","The Golden Age",2013-01-01,03:50,54,81,5,0,53,0,0,-5,F Minor,4,2024-01-15,0z39yzkwMNXYX2LYtEOpFW,"Island Records",4A,,https://i.scdn.co/image/ab67616d00004851216fa486e2c3e899cacfe6bf
104,"Deli","mor ve ötesi",61,75,"turkish alternative, turkish alternative rock, turkish rock","Pop, Rock","Başıbozuk",2008-11-24,03:04,43,92,4,0,45,0,10,-3,E Minor,4,2024-01-15,3eEmeP2ydpJDtl0tY91t8Y,"RAKUN MÜZİK FİLM",9A,https://p.scdn.co/mp3-preview/aa97fd71f92fc94645ce756fe378965e3d91113c?cid=0dd13485836e45ac9134860ee53d835f,https://i.scdn.co/image/ab67616d000048512ab14cd2b3bdf78a4ced996c
105,"Feel","Robbie Williams",78,98,"dance rock, europop","Rock, Pop","Escapology",2002-00-00,04:23,60,73,1,0,30,0,10,-7,F Major,4,2024-01-15,2Ms33RTRCT6gArrpcrPxmo,"Chrysalis UK",7B,,https://i.scdn.co/image/ab67616d000048513a9ad390e0635b43ff01d250
106,"Tompkins Square Park","Mumford & Sons",58,162,"modern folk rock, modern rock, neo mellow, stomp and holler, uk americana","Rock, Folk/Acoustic","Wilder Mind",2015-05-04,05:12,46,79,1,3,47,0,10,-7,D Minor,4,2024-01-15,7rQ3Gz0M6eMUCOQf4fs0qq,"Universal-Island Records Ltd.",7A,,https://i.scdn.co/image/ab67616d00004851b2bccd4f0dafab84faf216e7
107,"Heal","Tom Odell",76,72,"chill pop","Pop","Long Way Down (Deluxe)",2013-06-24,03:13,45,18,95,0,12,0,10,-13,C♯/D♭ Major,4,2024-01-15,4KlL5Bwlm4yHYxr0B2rHci,"ITNO/Columbia",3B,https://p.scdn.co/mp3-preview/6cf5fea1e287ad83be8583b3fe9405d147e8e480?cid=0dd13485836e45ac9134860ee53d835f,https://i.scdn.co/image/ab67616d000048511917a0f3f4152622a040913f
108,"Experience","Ludovico Einaudi,Daniel Hope,I Virtuosi Italiani",81,92,"compositional ambient, neo-classical, violin, chamber orchestra, classical performance, string orchestra","Classical","In A Time Lapse",2013-01-01,05:15,45,45,93,96,4,0,0,-11,D Major,4,2024-01-15,1BncfTJAWxrsxyT9culBrj,"Decca (UMO) (Classics)",10B,,https://i.scdn.co/image/ab67616d000048516c8ef0538e04f2e28380dcc5
109,"The Scientist","Coldplay",87,146,"permanent wave, pop","Rock, Pop","A Rush of Blood to the Head",2002-08-08,05:09,56,44,73,0,21,0,10,-7,F Major,4,2024-01-15,75JFxkI2RXiU7L9VXzMkle,"Parlophone Records Limited",7B,https://p.scdn.co/mp3-preview/cb283ce76eeee06a724b942d36a140cc088dd50f?cid=0dd13485836e45ac9134860ee53d835f,https://i.scdn.co/image/ab67616d00004851de09e02aa7febf30b7c02d82
110,"Habibi","Tamino",59,122,"belgian indie","Rock","Amir",2018-10-19,05:07,32,30,69,11,4,0,10,-9,D Minor,4,2024-01-15,5juBKIr7vbfAUgFpa34DuO,"Communion Music",7A,,https://i.scdn.co/image/ab67616d00004851ef506280e70e4dbba1c94bc9
111,"Apocalypse","Cigarettes After Sex",92,94,"ambient pop, dream pop, el paso indie, shoegaze","Pop, Country, Rock","Cigarettes After Sex",2017-06-09,04:50,37,47,2,57,18,0,10,-9,F Major,4,2024-01-15,0yc6Gst2xkRu0eMLeRMGCX,"Partisan Records",7B,https://p.scdn.co/mp3-preview/1f89f0156113dfb87572382b531459bb8cb711a1?cid=0dd13485836e45ac9134860ee53d835f,https://i.scdn.co/image/ab67616d0000485112b69bf576f5e80291f75161
112,"Mazi Kalbimde Bir Yaradır","Incesaz,Dilek Türkan",46,112,"turkish folk, turkish jazz, turkish rock, turk sanat muzigi","Pop, Folk/Acoustic, Jazz, Rock","Mazi Kalbimde Bir Yaradır",2005-12-14,02:59,68,39,64,0,42,0,10,-8,F#/G♭ Minor,4,2024-01-15,6tDanbCuilBzo5AVg7uXva,"Kalan Ses Görüntü",11A,https://p.scdn.co/mp3-preview/f92a1f6f9c125ed82acac56d0de74093065c3564?cid=0dd13485836e45ac9134860ee53d835f,https://i.scdn.co/image/ab67616d00004851001d8351c818f51f3c8b0ea5
113,"Mélodrame","Loïc Nottet",43,138,"","","Mélodrame",2022-11-09,04:05,61,41,39,0,16,0,10,-7,G Minor,4,2024-01-15,32hJclF2fwOwMmb1Oo8a6e,"RCA Group",6A,https://p.scdn.co/mp3-preview/5127ee0aaf71dddb5ce7586750797c9e9a4fb11f?cid=0dd13485836e45ac9134860ee53d835f,https://i.scdn.co/image/ab67616d000048512fc7c2534764d0d899a3425f
114,"Breathtaker","SYML",48,120,"indie anthem-folk, modern indie pop","Folk/Acoustic, Pop","How I Got Home",2023-12-01,03:36,38,12,98,97,11,0,10,-16,C Minor,4,2024-01-15,2HPJ38WDx8A9fccD0Izvgy,"Nettwerk Music Group",5A,https://p.scdn.co/mp3-preview/003b0daa5401976f6765da87e9ef26408fc9be42?cid=0dd13485836e45ac9134860ee53d835f,https://i.scdn.co/image/ab67616d0000485163ea77020beaa5dc6de5fc56
115,"Make Your Own Kind Of Music","Cass Elliot",69,121,"","","Mama's Big Ones",1973-09-28,02:19,53,56,61,0,70,0,20,-13,E Major,4,2024-01-15,6H3Wa6hWR9DRMzMSd4pZkT,"Geffen",12B,,https://i.scdn.co/image/ab67616d000048511441866921b337b26dd53cff
116,"California Dreamin'","The Mamas & The Papas",74,112,"classic rock, folk, folk rock, mellow gold, psychedelic rock, rock, soft rock, sunshine pop","Rock, Folk/Acoustic, Pop","All The Leaves Are Brown The Golden Era Collection",2001-08-28,02:40,55,73,42,0,65,0,0,-7,C♯/D♭ Minor,4,2024-01-15,1ZEOIhSn6BKErV59bIgn76,"Geffen",12A,,https://i.scdn.co/image/ab67616d00004851cbd56c3a8faf8cf8c8bea0df
117,"Can't Pretend","Tom Odell",67,79,"chill pop","Pop","Long Way Down (Deluxe)",2013-06-24,03:37,47,47,28,0,29,0,10,-9,C♯/D♭ Minor,4,2024-01-15,2Q3UgGcvhdaX6k13PDNguP,"ITNO/Columbia",12A,https://p.scdn.co/mp3-preview/327b284711e47cfcaeba687c2a13d27fa7eb2c5e?cid=0dd13485836e45ac9134860ee53d835f,https://i.scdn.co/image/ab67616d000048511917a0f3f4152622a040913f
118,"Dona Nobis Pacem 2","Max Richter",43,104,"compositional ambient, post-minimalism","Classical","The Leftovers: Season 1 (Music from the HBO Series)",2014-12-02,03:20,20,21,69,15,3,0,0,-13,F Major,4,2024-01-15,4wkxtebeaxN8KvYe0CEi5y,"WaterTower Music",7B,https://p.scdn.co/mp3-preview/8efc0f5af99102caadc48ff780fd13005c67941c?cid=0dd13485836e45ac9134860ee53d835f,https://i.scdn.co/image/ab67616d0000485149f6cc2b9a5828ae0210fd46
119,"i am not who i was","Chance Peña",85,130,"singer-songwriter pop","Pop","i am not who i was",2023-09-21,02:25,70,22,70,0,19,0,0,-14,C Major,4,2024-01-15,5uu2OCGGrTRS1sIvlMgKwe,"Chance Peña",8B,https://p.scdn.co/mp3-preview/0ba79c75f2fafd3adf68c37de0a85032fb7bb4c1?cid=0dd13485836e45ac9134860ee53d835f,https://i.scdn.co/image/ab67616d000048513ec34bc4e860b8021272a75d
120,"Electric Love","BØRNS",83,120,"indie poptimism, modern alternative rock, modern rock, pov: indie","Pop, Rock","Dopamine",2015-10-16,03:38,61,80,1,0,52,0,20,-8,F#/G♭ Minor,4,2024-01-15,2GiJYvgVaD2HtM8GqD9EgQ,"UMGRI Interscope",11A,,https://i.scdn.co/image/ab67616d00004851cc2cf912462d8ae4ef856434
121,"Dream Song","Shallow Alcove",50,128,"","","Dream Song",2023-09-14,02:43,56,34,76,0,36,0,30,-11,D#/E♭ Major,3,2024-01-15,6ojor4w0aY3Nl101vyidbH,"Shallow Alcove",5B,https://p.scdn.co/mp3-preview/029e8b392f14760a8ad940153bffd8e732b3739c?cid=0dd13485836e45ac9134860ee53d835f,https://i.scdn.co/image/ab67616d000048510bd8a240d292694f43f388dc
122,"Hold Me","The Strumbellas",48,118,"canadian indie, folk-pop, stomp and holler","Rock, Pop, Folk/Acoustic","Hold Me",2023-10-05,02:52,64,68,9,0,53,0,40,-7,E Major,4,2024-01-15,5P8ldnOsScd9aMlQMKucb6,"Glassnote Music LLC",12B,https://p.scdn.co/mp3-preview/544622bc1f16c132613a41970e01e0e248b7249b?cid=0dd13485836e45ac9134860ee53d835f,https://i.scdn.co/image/ab67616d00004851c9e1ca20d54524e0fdf377a7
123,"Cigarette Daydreams","Cage The Elephant",82,114,"modern alternative rock, modern rock, pov: indie, punk blues, rock","Rock, Pop, Blues","Melophobia",2013-10-08,03:28,64,68,8,0,27,0,0,-3,D Major,4,2024-01-15,2tznHmp70DxMyr2XhWLOW0,"RCA Records Label",10B,https://p.scdn.co/mp3-preview/a7a72315d777f4ed078d955238f9db158c915fc1?cid=0dd13485836e45ac9134860ee53d835f,https://i.scdn.co/image/ab67616d00004851fb1cb900d28642e668d77b12
124,"My Tears Are Becoming a Sea","M83",69,111,"french shoegaze, french synthpop, indietronica, metropopolis, neo-synthpop","Metal, Pop, Electronic","Hurry up, We're Dreaming",2011-10-17,02:31,16,35,10,27,6,0,50,-11,G#/A♭ Minor,1,2024-01-15,08wnOyN1wyMaNrup3m353f,"M83 Recording Inc",1A,https://p.scdn.co/mp3-preview/d1ce7eecb3784fa597b2315b7bdd4175b7510243?cid=0dd13485836e45ac9134860ee53d835f,https://i.scdn.co/image/ab67616d00004851b3591763154a27326b3f431a
125,"Somewhere Only We Know","Keane",89,172,"neo mellow, piano rock, pop rock","Folk/Acoustic, Rock","Hopes And Fears",2004-05-10,03:57,45,67,6,0,30,0,0,-4,A Major,4,2024-01-15,1SKPmfSYaPsETbRHaiA18G,"Universal-Island Records Ltd.",11B,,https://i.scdn.co/image/ab67616d000048517d6cd95a046a3c0dacbc7d33
126,"Un nouveau soleil","M83",45,79,"french shoegaze, french synthpop, indietronica, metropopolis, neo-synthpop","Metal, Pop, Electronic","Les rencontres d'après minuit / You and the Night (Original Motion Picture Soundtrack)",2013-11-18,06:42,7,31,83,43,3,0,0,-10,D Major,4,2024-01-15,6ZzItbgnMdQ0cKFy4lFV7A,"M83 Recording Inc",10B,https://p.scdn.co/mp3-preview/d45c656d40885f7ae0ee2adce55d6eda6262ec90?cid=0dd13485836e45ac9134860ee53d835f,https://i.scdn.co/image/ab67616d00004851dc2d1dcf42c7f1368b8014ac
127,"Mary On A Cross","Ghost",81,130,"hard rock, metal","Rock, Metal","Seven Inches Of Satanic Panic",2019-09-13,04:04,47,90,0,0,56,0,10,-4,B Major,4,2024-01-15,2HZLXBOnaSRhXStMLrq9fD,"Loma Vista Recordings",1B,,https://i.scdn.co/image/ab67616d00004851bef9b0a348ea8dd18a581025
128,"Photograph","Ed Sheeran",87,108,"pop, singer-songwriter pop, uk pop","Pop","x (Deluxe Edition)",2014-06-21,04:18,61,38,61,0,20,0,10,-10,E Major,4,2024-01-15,1HNkqx9Ahdgi1Ixy2xkKkL,"Atlantic Records UK",12B,https://p.scdn.co/mp3-preview/d90f4e5f15d8ed411307945560b1db8cca6b253b?cid=0dd13485836e45ac9134860ee53d835f,https://i.scdn.co/image/ab67616d0000485113b3e37318a0c247b550bccd
129,"Mockingbird","Eminem",91,84,"detroit hip hop, hip hop, rap","Hip Hop","Encore (Deluxe Version)",2004-11-12,04:10,64,68,21,0,25,20,10,-4,C Major,4,2024-01-15,561jH07mF1jHuk7KlaeF0s,"Aftermath",8B,,https://i.scdn.co/image/ab67616d00004851726d48d93d02e1271774f023
130,"Dön Bak Dünyaya","Pinhani",58,172,"oyun havasi, turkish pop, turkish rock","Pop, Rock","İnandığın Masallar",2006-03-06,06:33,46,59,8,0,50,0,20,-9,B Minor,4,2024-01-15,7jasmsYWsjrsXTIDI5RApZ,"BEĞENİ MÜZİK YAPIM",10A,https://p.scdn.co/mp3-preview/e56219a731327147463c3c652fe60454aa66748f?cid=0dd13485836e45ac9134860ee53d835f,https://i.scdn.co/image/ab67616d00004851c3d902df0fa095aa87fd94db
131,"Gangsta's Paradise","Coolio,L.V.",88,80,"g funk, gangster rap, hip hop, west coast rap, ","Hip Hop","Gangsta's Paradise",1995-11-07,04:00,65,51,7,0,39,0,40,-10,G#/A♭ Major,4,2024-01-15,1DIXPcTDzTj8ZMHt3PDt8p,"Tommy Boy Music, LLC",4B,https://p.scdn.co/mp3-preview/1454c63a66c27ac745f874d6c113270a9c62d28e?cid=0dd13485836e45ac9134860ee53d835f,https://i.scdn.co/image/ab67616d00004851c31d3c870a3dbaf7b53186cc
132,"Mr. Tambourine Man","Bob Dylan",64,178,"classic rock, country rock, folk, folk rock, rock, roots rock, singer-songwriter","Rock, Folk/Acoustic","Bringing It All Back Home",1965-03-22,05:30,39,31,79,0,58,0,30,-15,F Major,4,2024-01-15,3RkQ3UwOyPqpIiIvGVewuU,"Columbia",7B,https://p.scdn.co/mp3-preview/b2f4f1a18d1716f2343f6d9246b810f11b6b96f0?cid=0dd13485836e45ac9134860ee53d835f,https://i.scdn.co/image/ab67616d000048516960c5f4eb72f0c06aa92181
133,"Mind Over Matter","Young the Giant",77,155,"indietronica, modern alternative rock, modern rock, pov: indie, stomp and holler","Pop, Rock, Folk/Acoustic","Mind Over Matter",2014-01-17,04:04,47,76,0,0,29,0,10,-4,C Major,4,2024-01-15,5Az8KU81g2aLBbJN67F2CI,"Fueled By Ramen",8B,https://p.scdn.co/mp3-preview/a6a91cd13a21097f9b7c1f98711bd499648a68d2?cid=0dd13485836e45ac9134860ee53d835f,https://i.scdn.co/image/ab67616d000048515d1a1b0e0f3e0fc586393092
134,"High","Stephen Sanchez",83,176,"gen z singer-songwriter","","Angel Face",2023-09-22,02:41,41,68,10,0,40,0,20,-8,F#/G♭ Minor,4,2024-01-15,5hlPrSCx9BvnQ3rCTkblMZ,"Mercury Records / Republic Records",11A,,https://i.scdn.co/image/ab67616d00004851199b850d4877866cf7e318d1
135,"Bitter Sweet Symphony - Remastered 2016","The Verve",83,171,"britpop, permanent wave, rock, shoegaze","Pop, Rock","Urban Hymns (Remastered 2016)",1997-09-29,05:57,36,92,3,0,52,0,40,-6,A Major,4,2024-01-15,57iDDD9N9tTWe75x6qhStw,"UMC (Universal Music Catalogue)",11B,,https://i.scdn.co/image/ab67616d00004851707d13d3f87652e737e94d45
136,"Every Mother's Son","Lynyrd Skynyrd",39,106,"album rock, classic rock, hard rock, rock, southern rock","Rock","Gimme Back My Bullets",1976-00-00,04:57,58,64,21,0,65,0,10,-12,G Major,4,2024-01-15,2EbqdV1M0RsFuo8QdAXLck,"Geffen*",9B,,https://i.scdn.co/image/ab67616d0000485161b3a3d80e51446fdc4e35b5
137,"Witness","Zola Jesus",22,87,"art pop, dark pop, grave wave, metropopolis, neo-synthpop, noise pop, spectra","Pop, Electronic","Okovi",2017-09-08,04:01,22,27,60,0,6,0,0,-9,B Minor,4,2024-01-15,5RfldQoRjXSzMDT7ln0plA,"Sacred Bones Records",10A,https://p.scdn.co/mp3-preview/b7c4cc5109e5ca1c2a61dc5dc6e24db905b66a52?cid=0dd13485836e45ac9134860ee53d835f,https://i.scdn.co/image/ab67616d000048518967ec9bce046c9e69c52f06
138,"Lost In Love","Air Supply",50,114,"soft rock","Rock","All Out Of Love",2018-02-02,03:52,56,53,59,1,50,0,10,-11,G Major,4,2024-01-15,5xUnexOUxzzuBzn1bylSzi,"Arista/Legacy",9B,https://p.scdn.co/mp3-preview/d9d7603ce7bf2cb59da6726f993a1120a95d58f3?cid=0dd13485836e45ac9134860ee53d835f,https://i.scdn.co/image/ab67616d000048513a9106f940fb04bc98a2b95e
139,"Indigo Night","Tamino",63,112,"belgian indie","Rock","Amir",2018-10-19,04:15,54,34,63,12,15,0,10,-11,D#/E♭ Minor,4,2024-01-15,62DFvt3IhKq2i8wyigqeFO,"Communion Music",2A,,https://i.scdn.co/image/ab67616d00004851ef506280e70e4dbba1c94bc9
140,"California","O.A.R.",47,154,"neo mellow, pop rock","Folk/Acoustic, Rock","The Mighty",2019-03-29,03:52,53,85,4,0,53,0,10,-5,C♯/D♭ Major,4,2024-01-15,1SVbYemhVlCGnpxUF3gyLH,"Black Rock Recorded Music, LLC",3B,https://p.scdn.co/mp3-preview/c38870064453b7232f032dfaaf6814ae1078b761?cid=0dd13485836e45ac9134860ee53d835f,https://i.scdn.co/image/ab67616d000048518a57bbf83a346099d59b908a
141,"Let There Be Love","Oasis",56,74,"beatlesque, britpop, madchester, permanent wave, rock","Folk/Acoustic, Pop, Rock","Don't Believe The Truth",2005-05-20,05:31,48,46,28,0,13,0,30,-5,F Major,4,2024-01-15,0SbytvHLix8OCZp17Pi0O1,"Helter Skelter Records",7B,https://p.scdn.co/mp3-preview/b87cfa2a522420f54f150eb6b37ab3ce9c04155f?cid=0dd13485836e45ac9134860ee53d835f,https://i.scdn.co/image/ab67616d00004851c9048a825ef38953951d01a4
142,"Lifeless Stars","Palaye Royale",52,82,"modern alternative rock, vegas indie","Rock","Fever Dream",2022-10-28,03:17,49,69,6,0,48,0,10,-6,C♯/D♭ Major,4,2024-01-15,243CJRiApoSoUqFTm641Uf,"Sumerian Records",3B,,https://i.scdn.co/image/ab67616d00004851ba4846438180facd6b6935a8
143,"Save Your Tears","Jimmy Clifton",44,77,"christian indie folk","","Save Your Tears",2023-05-12,04:27,60,30,74,0,21,0,20,-10,B Minor,4,2024-01-15,34caukLPDIRd5CgQ8k9mSD,"NFGN Productions",10A,https://p.scdn.co/mp3-preview/1767157aa66084757b7ed56d8d2d0c73964a1972?cid=0dd13485836e45ac9134860ee53d835f,https://i.scdn.co/image/ab67616d000048510fcf176af3f1cf39fd1251c2
144,"Do You Want To Know A Secret - Remastered 2009","The Beatles",65,124,"british invasion, classic rock, merseybeat, psychedelic rock, rock","Rock","Please Please Me (Remastered)",1963-03-22,01:57,67,35,61,0,61,0,30,-12,E Major,4,2024-01-15,7Aobt67JnaF7qN8jCCKvHq,"EMI Catalogue",12B,,https://i.scdn.co/image/ab67616d00004851dbeec63ad914c973e75c24df
145,"A Sky Full of Stars","Coldplay",88,125,"permanent wave, pop","Rock, Pop","Ghost Stories",2014-05-19,04:27,55,68,1,0,16,0,20,-6,F#/G♭ Major,4,2024-01-15,0FDzzruyVECATHXKHFs9eJ,"Parlophone UK",2B,https://p.scdn.co/mp3-preview/870ebba9927cd7c73467fc5772f398a8a8999344?cid=0dd13485836e45ac9134860ee53d835f,https://i.scdn.co/image/ab67616d00004851f864bcdcc245f06831d17ae0
146,"Daydream","Gunter Kallmann Choir",67,75,"","","The Fantastic Sound Of",2010-03-26,03:19,51,44,24,0,52,0,40,-9,F Minor,4,2024-01-15,0F6pFZDlQSiQBWsjQZFbTH,"Polydor",4A,,https://i.scdn.co/image/ab67616d000048519e3250f22388c0c8e1ea39d9
147,"Why Does It Always Rain On Me?","Travis",65,108,"britpop","Pop","The Man Who",1999-01-01,04:25,50,54,8,0,37,0,0,-9,E Major,4,2024-01-15,5MmWgG5KgiqSxkOZdVXRQA,"Craft Recordings",12B,,https://i.scdn.co/image/ab67616d000048512951c50b6cfcf7e0e26279aa